<?xml version='1.0' encoding='UTF-8'?>
<?artifactRepository version='1.1.0'?>
<repository name='file:/G:/workspace/Anypointworkspace/marta-connector/target/update-site/ - artifacts' type='org.eclipse.equinox.p2.artifact.repository.simpleRepository' version='1'>
  <properties size='2'>
    <property name='p2.timestamp' value='1500158026277'/>
    <property name='p2.compressed' value='false'/>
  </properties>
  <mappings size='3'>
    <rule filter='(&amp; (classifier=osgi.bundle))' output='${repoUrl}/plugins/${id}_${version}.jar'/>
    <rule filter='(&amp; (classifier=binary))' output='${repoUrl}/binary/${id}_${version}'/>
    <rule filter='(&amp; (classifier=org.eclipse.update.feature))' output='${repoUrl}/features/${id}_${version}.jar'/>
  </mappings>
  <artifacts size='2'>
    <artifact classifier='osgi.bundle' id='org.mule.tooling.ui.contribution.marta.3.5.0' version='1.0.0.201707151833'>
      <properties size='3'>
        <property name='artifact.size' value='375802'/>
        <property name='download.size' value='375802'/>
        <property name='download.md5' value='84a2c71cef9b4b9ca5be30bc38e31d32'/>
      </properties>
    </artifact>
    <artifact classifier='org.eclipse.update.feature' id='org.mule.tooling.ui.extension.marta-connector.3.5.0' version='1.0.0.201707151833'>
      <properties size='4'>
        <property name='artifact.size' value='647'/>
        <property name='download.size' value='647'/>
        <property name='download.md5' value='f2a89e396e97a4b8b7d47389c2ba361c'/>
        <property name='download.contentType' value='application/zip'/>
      </properties>
    </artifact>
  </artifacts>
</repository>
